<?xml version="1.0" encoding="UTF-8" standalone="yes"?>
<addon id="repository.meta" name="MetaTeam repo" version="1.0.0" provider-name="MetaTeam">
        <extension point="xbmc.addon.repository" name="MetaTeam repo">
                <info compressed="false">http://raw.github.com/metate/meta4kodi/master/addons.xml</info>
                <checksum>http://raw.github.com/metate/meta4kodi/master/addons.xml.md5</checksum>
                <datadir zip="true">http://raw.github.com/metate/meta4kodi/master/zip</datadir>
        </extension>
        <extension point="xbmc.addon.metadata">
                <summary>MetaTeam repo</summary>
                <description>Addons by MetaTeam.</description>
                <disclaimer></disclaimer>
                <platform>all</platform>
        </extension>
</addon>
